,product_line,total_revenue
0,Camping Equipment,55789422.00000006
1,Personal Accessories,47693380.890000105
2,Golf Equipment,19774216.769999996
3,Mountaineering Equipment,12398325.639999993
4,Outdoor Protection,895877.1399999997
